mse,rmse,r2,scenario,model_type,accuracy,f1
0.2360217780169079,0.48582072621174566,0.9402383289221056,asset_pricing,mlp,,
1.533189025079939,1.2382201036487572,0.611600898870116,asset_pricing,lstm,,
,,,credit_risk,mlp,0.9443,0.9447036632582151
,,,credit_risk,lstm,0.8994994994994995,0.9001193792280144
,,,fraud_detection,mlp,0.989,0.8897795591182365
,,,fraud_detection,lstm,0.9819819819819819,0.8207171314741036
